{
  "hash": "0e16d0de",
  "configHash": "ec732ce5",
  "lockfileHash": "80401581",
  "browserHash": "22eb9b5d",
  "optimized": {
    "@angular/common": {
      "src": "../../../../../../node_modules/@angular/common/fesm2022/common.mjs",
      "file": "@angular_common.js",
      "fileHash": "97b8e163",
      "needsInterop": false
    },
    "@angular/core": {
      "src": "../../../../../../node_modules/@angular/core/fesm2022/core.mjs",
      "file": "@angular_core.js",
      "fileHash": "2f32b146",
      "needsInterop": false
    },
    "@angular/forms": {
      "src": "../../../../../../node_modules/@angular/forms/fesm2022/forms.mjs",
      "file": "@angular_forms.js",
      "fileHash": "7dcd16b2",
      "needsInterop": false
    },
    "@angular/platform-browser": {
      "src": "../../../../../../node_modules/@angular/platform-browser/fesm2022/platform-browser.mjs",
      "file": "@angular_platform-browser.js",
      "fileHash": "e1be4b9a",
      "needsInterop": false
    },
    "@angular/router": {
      "src": "../../../../../../node_modules/@angular/router/fesm2022/router.mjs",
      "file": "@angular_router.js",
      "fileHash": "ebf18235",
      "needsInterop": false
    }
  },
  "chunks": {
    "chunk-DOJXL2OT": {
      "file": "chunk-DOJXL2OT.js"
    },
    "chunk-3IEGFEQA": {
      "file": "chunk-3IEGFEQA.js"
    },
    "chunk-PBHXNFQD": {
      "file": "chunk-PBHXNFQD.js"
    }
  }
}